Mes,Ventas_Mensuales
1,21568.70999999999
2,19775.99999999999
3,19870.000000000004
4,15819.119999999997
5,12099.439999999997
6,5112.180000000002
7,5804.0199999999995
8,4684.899999999999
9,5438.56
10,3843.790000000001
11,4677.189999999999
12,5573.739999999999
