Categoria,VentasTotales
Medicamento,61454.97999999998
Higiene,21914.890000000003
Suplemento,20733.24999999999
Cuidado Personal,20164.53
