Año,Mes,Ventas_Por_Mes
2023,1,5168.200000000001
2023,2,4528.550000000001
2023,3,5582.5599999999995
2023,4,4156.23
2023,5,4786.5
2023,6,5112.180000000002
2023,7,5804.0199999999995
2023,8,4684.899999999999
2023,9,5438.56
2023,10,3843.790000000001
2023,11,4677.189999999999
2023,12,5573.739999999999
2024,1,16400.51
2024,2,15247.45
2024,3,14287.440000000008
2024,4,11662.890000000001
2024,5,7312.939999999999
