ID_Sucursal,CantidadSucursal,TotalSucursal,TicketPromedio
1,1801,21962.65,12.194697390338701
6,1822,22609.26999999999,12.409039517014264
3,1595,19364.449999999997,12.140721003134795
5,1830,22992.919999999987,12.56443715846994
4,1644,19106.99,11.622256690997569
2,1530,18231.369999999977,11.915928104575148
